Gen,Group1
B14A.MO17,A
B14A.OH43,A
B37.H95,A
B37.MO17,A
B37.OH43,A
B73.MO17,A
B73.PHK76,A
B73.PHM49,A
B73.PHN82,A
B73.PHZ51,A
B73.TX779,A
CG119.CG108,A
CG44.CGR01,A
F42.H95,A
F42.MO17,A
F42.OH43,A
LH132.TX779,A
LH145.LH82,A
LH195.MO17,A
LH195.PHK76,A
LH195.PHN82,A
LH195.PHZ51,A
LH244.MO17,A
LH244.PHK76,A
LH244.PHN82,A
LH244.PHZ51,A
LH74.PHN82,B
LH82.TX779,B
PB80.TX779,B
PHB47.MO17,B
PHB47.PHK76,B
PHB47.PHN82,B
PHB47.PHZ51,B
PHG29.PHG47,B
PHG39.PHN82,B
PHJ40.PHAJ0,B
PHJ89.PH207,B
PHRE1.PHTD5,B
PHW52.PHM49,B
PHW52.PHN82,B
TX714.PHZ51,B
TX714.TX779,B
TX773.TX779,B
TX777.LH195,B
TX779.LH195,B
TX951.LH195,B
W10004_0006.PHK76,B
W10004_0006.PHZ51,B
W10004_0007.PHK76,B
W10004_0007.PHZ51,B
W10004_0008.PHK76,B
W10004_0008.PHZ51,B
W10004_0010.PHK76,B
W10004_0010.PHZ51,B
W10004_0011.PHK76,B
W10004_0011.PHZ51,B
W10004_0013.PHK76,B
W10004_0013.PHZ51,B
W10004_0014.PHK76,B
W10004_0014.PHZ51,B
W10004_0018.PHK76,B
W10004_0018.PHZ51,B
W10004_0026.PHK76,B
W10004_0026.PHZ51,B
W10004_0027.PHK76,B
W10004_0027.PHZ51,B
W10004_0031.PHK76,B
W10004_0031.PHZ51,B
W10004_0032.PHK76,B
W10004_0032.PHZ51,B
W10004_0034.PHK76,B
W10004_0034.PHZ51,B
W10004_0035.PHK76,B
W10004_0035.PHZ51,B
W10004_0037.PHK76,B
W10004_0037.PHZ51,B
W10004_0038.PHK76,B
W10004_0038.PHZ51,B
W10004_0039.PHK76,B
W10004_0039.PHZ51,B
W10004_0041.PHK76,B
W10004_0041.PHZ51,B
W10004_0042.PHK76,B
W10004_0042.PHZ51,B
W10004_0045.PHK76,B
W10004_0045.PHZ51,B
W10004_0046.PHK76,B
W10004_0046.PHZ51,B
W10004_0047.PHK76,B
W10004_0047.PHZ51,B
W10004_0053.PHK76,B
W10004_0053.PHZ51,B
W10004_0055.PHK76,B
W10004_0055.PHZ51,B
W10004_0059.PHK76,B
W10004_0061.PHK76,B
W10004_0061.PHZ51,B
W10004_0062.PHK76,B
W10004_0062.PHZ51,B
W10004_0063.PHK76,B
W10004_0063.PHZ51,B
W10004_0064.PHK76,B
W10004_0064.PHZ51,B
W10004_0065.PHK76,B
W10004_0065.PHZ51,B
W10004_0068.PHK76,B
W10004_0068.PHZ51,B
W10004_0069.PHK76,B
W10004_0069.PHZ51,B
W10004_0070.PHK76,B
W10004_0070.PHZ51,B
W10004_0071.PHK76,B
W10004_0071.PHZ51,C
W10004_0072.PHK76,C
W10004_0072.PHZ51,C
W10004_0073.PHK76,C
W10004_0073.PHZ51,C
W10004_0076.PHK76,C
W10004_0076.PHZ51,C
W10004_0078.PHK76,C
W10004_0078.PHZ51,C
W10004_0079.PHK76,C
W10004_0079.PHZ51,C
W10004_0080.PHK76,C
W10004_0080.PHZ51,C
W10004_0086.PHK76,C
W10004_0086.PHZ51,C
W10004_0087.PHK76,C
W10004_0087.PHZ51,C
W10004_0092.PHK76,C
W10004_0092.PHZ51,C
W10004_0093.PHK76,C
W10004_0093.PHZ51,C
W10004_0095.PHK76,C
W10004_0095.PHZ51,C
W10004_0097.PHK76,C
W10004_0097.PHZ51,C
W10004_0098.PHK76,C
W10004_0098.PHZ51,C
W10004_0099.PHK76,C
W10004_0099.PHZ51,C
W10004_0101.PHK76,C
W10004_0101.PHZ51,C
W10004_0103.PHK76,C
W10004_0103.PHZ51,C
W10004_0106.PHK76,C
W10004_0106.PHZ51,C
W10004_0110.PHK76,C
W10004_0110.PHZ51,C
W10004_0112.PHK76,C
W10004_0112.PHZ51,C
W10004_0115.PHK76,C
W10004_0115.PHZ51,C
W10004_0116.PHK76,C
W10004_0116.PHZ51,C
W10004_0118.PHK76,C
W10004_0118.PHZ51,C
W10004_0119.PHK76,C
W10004_0119.PHZ51,C
W10004_0121.PHK76,C
W10004_0121.PHZ51,C
W10004_0122.PHK76,C
W10004_0122.PHZ51,C
W10004_0127.PHK76,C
W10004_0127.PHZ51,C
W10004_0129.PHK76,C
W10004_0129.PHZ51,C
W10004_0132.PHK76,C
W10004_0132.PHZ51,C
W10004_0133.PHK76,C
W10004_0133.PHZ51,C
W10004_0134.PHK76,C
W10004_0134.PHZ51,C
W10004_0138.PHK76,C
W10004_0138.PHZ51,C
W10004_0140.PHK76,C
W10004_0140.PHZ51,C
W10004_0144.PHK76,C
W10004_0144.PHZ51,C
W10004_0146.PHK76,C
W10004_0146.PHZ51,C
W10004_0147.PHK76,C
W10004_0147.PHZ51,C
W10004_0148.PHK76,C
W10004_0148.PHZ51,C
W10004_0149.PHK76,C
W10004_0149.PHZ51,C
W10004_0150.PHK76,C
W10004_0150.PHZ51,C
W10004_0152.PHK76,C
W10004_0152.PHZ51,C
W10004_0153.PHK76,C
W10004_0153.PHZ51,C
W10004_0154.PHK76,C
W10004_0154.PHZ51,C
W10004_0160.PHK76,C
W10004_0160.PHZ51,C
W10004_0161.PHZ51,C
W10004_0166.PHK76,C
W10004_0166.PHZ51,C
W10004_0167.PHK76,C
W10004_0167.PHZ51,C
W10004_0168.PHK76,C
W10004_0168.PHZ51,C
W10004_0169.PHK76,C
W10004_0169.PHZ51,C
W10004_0171.PHK76,C
W10004_0178.PHK76,C
W10004_0178.PHZ51,C
W10004_0179.PHK76,C
W10004_0179.PHZ51,C
W10004_0185.PHK76,C
W10004_0185.PHZ51,C
W10004_0189.PHZ51,C
W10004_0190.PHK76,C
W10004_0190.PHZ51,C
W10004_0192.PHK76,C
W10004_0192.PHZ51,C
W10004_0194.PHK76,C
W10004_0194.PHZ51,C
W10004_0196.PHK76,C
W10004_0196.PHZ51,C
W10004_0197.PHK76,C
W10004_0197.PHZ51,C
W10004_0199.PHK76,C
W10004_0199.PHZ51,C
W10004_0200.PHK76,C
W10004_0200.PHZ51,C
W10004_0203.PHK76,C
W10004_0203.PHZ51,C
W10004_0204.PHK76,C
W10004_0204.PHZ51,C
W10004_0206.PHK76,C
W10004_0206.PHZ51,C
W10004_0212.PHK76,C
W10004_0212.PHZ51,C
W10004_0213.PHK76,C
W10004_0213.PHZ51,C
W10004_0217.PHK76,C
W10004_0217.PHZ51,C
W10004_0220.PHK76,D
W10004_0220.PHZ51,D
W10004_0221.PHK76,D
W10004_0221.PHZ51,D
W10004_0223.PHK76,D
W10004_0223.PHZ51,D
W10004_0224.PHK76,D
W10004_0224.PHZ51,D
W10004_0225.PHK76,D
W10004_0225.PHZ51,D
W10004_0227.PHK76,D
W10004_0227.PHZ51,D
W10004_0231.PHK76,D
W10004_0231.PHZ51,D
W10004_0236.PHK76,D
W10004_0236.PHZ51,D
W10004_0238.PHK76,D
W10004_0238.PHZ51,D
W10004_0241.PHK76,D
W10004_0241.PHZ51,D
W10004_0242.PHZ51,D
W10004_0253.PHK76,D
W10004_0253.PHZ51,D
W10004_0254.PHK76,D
W10004_0254.PHZ51,D
W10004_0256.PHK76,D
W10004_0256.PHZ51,D
W10004_0258.PHK76,D
W10004_0258.PHZ51,D
W10004_0261.PHK76,D
W10004_0261.PHZ51,D
W10004_0262.PHK76,D
W10004_0262.PHZ51,D
W10004_0264.PHK76,D
W10004_0264.PHZ51,D
W10004_0268.PHK76,D
W10004_0268.PHZ51,D
W10004_0270.PHK76,D
W10004_0270.PHZ51,D
W10004_0271.PHK76,D
W10004_0271.PHZ51,D
W10004_0276.PHK76,D
W10004_0276.PHZ51,D
W10004_0290.PHK76,D
W10004_0290.PHZ51,D
W10004_0291.PHK76,D
W10004_0291.PHZ51,D
W10004_0292.PHK76,D
W10004_0292.PHZ51,D
W10004_0299.PHK76,D
W10004_0299.PHZ51,D
W10004_0306.PHK76,D
W10004_0306.PHZ51,D
W10004_0308.PHK76,D
W10004_0308.PHZ51,D
W10004_0309.PHK76,D
W10004_0309.PHZ51,D
W10004_0310.PHK76,D
W10004_0310.PHZ51,D
W10004_0311.PHK76,D
W10004_0311.PHZ51,D
W10004_0327.PHK76,D
W10004_0327.PHZ51,D
W10004_0329.PHK76,D
W10004_0329.PHZ51,D
W10004_0336.PHK76,D
W10004_0336.PHZ51,D
W10004_0344.PHK76,D
W10004_0344.PHZ51,D
W10004_0346.PHK76,D
W10004_0346.PHZ51,D
W10004_0361.PHK76,D
W10004_0361.PHZ51,D
W10004_0362.PHK76,D
W10004_0362.PHZ51,D
W10004_0380.PHK76,D
W10004_0380.PHZ51,D
W10004_0381.PHK76,D
W10004_0381.PHZ51,D
W10004_0383.PHK76,D
W10004_0383.PHZ51,D
W10004_0389.PHK76,D
W10004_0389.PHZ51,D
W10004_0393.PHK76,D
W10004_0393.PHZ51,D
W10004_0394.PHK76,D
W10004_0394.PHZ51,D
W10004_0395.PHK76,D
W10004_0395.PHZ51,D
W10004_0396.PHK76,D
W10004_0396.PHZ51,D
W10004_0403.PHK76,D
W10004_0403.PHZ51,D
W10004_0409.PHK76,D
W10004_0409.PHZ51,D
W10004_0410.PHK76,D
W10004_0410.PHZ51,D
W10004_0412.PHK76,D
W10004_0412.PHZ51,D
W10004_0417.PHK76,D
W10004_0417.PHZ51,D
W10004_0419.PHK76,D
W10004_0419.PHZ51,D
W10004_0424.PHK76,D
W10004_0424.PHZ51,D
W10004_0427.PHK76,D
W10004_0427.PHZ51,D
W10004_0430.PHK76,D
W10004_0430.PHZ51,D
W10004_0465.PHK76,D
W10004_0465.PHZ51,D
W10004_0467.PHK76,D
W10004_0467.PHZ51,D
W10004_0474.PHK76,D
W10004_0474.PHZ51,D
W10004_0476.PHK76,D
W10004_0476.PHZ51,D
W10004_0487.PHK76,D
W10004_0487.PHZ51,D
W10004_0498.PHK76,D
W10004_0498.PHZ51,D
W10004_0501.PHK76,D
W10004_0501.PHZ51,D
W10004_0505.PHK76,D
W10004_0505.PHZ51,D
W10004_0601.PHK76,D
W10004_0601.PHZ51,D
W10004_0602.PHK76,D
W10004_0602.PHZ51,D
W10004_0608.PHK76,D
W10004_0608.PHZ51,D
W10004_0609.PHZ51,D
W10004_0612.PHK76,D
W10004_0612.PHZ51,D
W10004_0614.PHK76,D
W10004_0614.PHZ51,D
W10004_0616.PHK76,D
W10004_0616.PHZ51,D
W10004_0618.PHK76,D
W10004_0618.PHZ51,D
W10004_0619.PHK76,D
W10004_0619.PHZ51,D
W10004_0620.PHK76,D
W10004_0620.PHZ51,D
W10004_0622.PHK76,D
W10004_0622.PHZ51,D
W10004_0624.PHK76,D
W10004_0624.PHZ51,D
W10004_0625.PHK76,D
W10004_0625.PHZ51,D
W10004_0626.PHK76,D
W10004_0626.PHZ51,D
W10004_0628.PHK76,D
W10004_0628.PHZ51,D
W10004_0631.PHK76,D
W10004_0631.PHZ51,D
W10004_0632.PHK76,D
W10004_0632.PHZ51,D
W10004_0636.PHZ51,D
W10004_0637.PHK76,D
W10004_0637.PHZ51,D
W10004_0639.PHK76,D
W10004_0639.PHZ51,D
W10004_0644.PHK76,D
W10004_0644.PHZ51,D
W10004_0645.PHZ51,D
W10004_0646.PHK76,D
W10004_0646.PHZ51,D
W10004_0649.PHK76,D
W10004_0649.PHZ51,D
W10004_0650.PHZ51,D
W10004_0651.PHK76,D
W10004_0651.PHZ51,D
W10004_0654.PHK76,D
W10004_0654.PHZ51,D
W10004_0658.PHK76,D
W10004_0658.PHZ51,D
W10004_0659.PHK76,D
W10004_0659.PHZ51,D
W10004_0661.PHK76,D
W10004_0661.PHZ51,D
W10004_0664.PHK76,D
W10004_0664.PHZ51,D
W10004_0665.PHZ51,D
W10004_0667.PHK76,D
W10004_0667.PHZ51,D
W10004_0669.PHK76,D
W10004_0669.PHZ51,D
W10004_0672.PHK76,D
W10004_0672.PHZ51,D
W10004_0673.PHK76,D
W10004_0673.PHZ51,D
W10004_0674.PHZ51,D
W10004_0675.PHK76,D
W10004_0675.PHZ51,D
W10004_0678.PHK76,D
W10004_0678.PHZ51,D
W10004_0680.PHK76,D
W10004_0680.PHZ51,D
W10004_0682.PHK76,D
W10004_0682.PHZ51,D
W10004_0684.PHK76,D
W10004_0684.PHZ51,D
W10004_0685.PHK76,D
W10004_0685.PHZ51,D
W10004_0687.PHK76,D
W10004_0687.PHZ51,D
W10004_0688.PHK76,D
W10004_0688.PHZ51,D
W10004_0689.PHK76,D
W10004_0689.PHZ51,D
W10004_0691.PHK76,D
W10004_0691.PHZ51,A
W10004_0695.PHK76,A
W10004_0695.PHZ51,A
W10004_0696.PHK76,A
W10004_0696.PHZ51,A
W10004_0697.PHK76,A
W10004_0697.PHZ51,A
W10004_0701.PHK76,A
W10004_0701.PHZ51,A
W10004_0702.PHK76,A
W10004_0702.PHZ51,A
W10004_0703.PHK76,A
W10004_0703.PHZ51,A
W10004_0704.PHZ51,A
W10004_0705.PHK76,A
W10004_0705.PHZ51,A
W10004_0707.PHK76,A
W10004_0707.PHZ51,A
W10004_0711.PHK76,A
W10004_0711.PHZ51,A
W10004_0712.PHK76,A
W10004_0712.PHZ51,A
W10004_0713.PHK76,A
W10004_0713.PHZ51,A
W10004_0714.PHK76,A
W10004_0714.PHZ51,A
W10004_0715.PHK76,B
W10004_0715.PHZ51,B
W10004_0717.PHK76,B
W10004_0717.PHZ51,B
W10004_0723.PHK76,B
W10004_0723.PHZ51,B
W10004_0727.PHK76,B
W10004_0727.PHZ51,B
W10004_0729.PHK76,B
W10004_0729.PHZ51,B
W10004_0732.PHK76,B
W10004_0732.PHZ51,B
W10004_0733.PHK76,B
W10004_0733.PHZ51,B
W10004_0734.PHK76,B
W10004_0734.PHZ51,B
W10004_0736.PHK76,B
W10004_0736.PHZ51,B
W10004_0741.PHK76,B
W10004_0741.PHZ51,B
W10004_0745.PHK76,B
W10004_0745.PHZ51,B
W10004_0746.PHK76,B
W10004_0746.PHZ51,B
W10004_0747.PHK76,B
W10004_0747.PHZ51,B
W10004_0751.PHK76,B
W10004_0751.PHZ51,B
W10004_0754.PHK76,B
W10004_0754.PHZ51,B
W10004_0756.PHK76,B
W10004_0756.PHZ51,B
W10004_0757.PHK76,B
W10004_0757.PHZ51,B
W10004_0760.PHK76,B
W10004_0760.PHZ51,B
W10004_0768.PHK76,B
W10004_0768.PHZ51,B
W10004_0771.PHK76,B
W10004_0771.PHZ51,B
W10004_0773.PHK76,B
W10004_0773.PHZ51,B
W10004_0774.PHK76,B
W10004_0774.PHZ51,B
W10004_0775.PHK76,B
W10004_0775.PHZ51,B
W10004_0776.PHZ51,B
W10004_0779.PHK76,B
W10004_0779.PHZ51,B
W10004_0781.PHK76,B
W10004_0781.PHZ51,B
W10004_0782.PHK76,B
W10004_0782.PHZ51,B
W10004_0783.PHK76,B
W10004_0783.PHZ51,B
W10004_0784.PHZ51,B
W10004_0787.PHK76,B
W10004_0787.PHZ51,B
W10004_0789.PHK76,B
W10004_0789.PHZ51,B
W10004_0792.PHK76,B
W10004_0792.PHZ51,B
W10004_0794.PHK76,B
W10004_0794.PHZ51,B
W10004_0795.PHK76,B
W10004_0795.PHZ51,B
W10004_0798.PHK76,B
W10004_0798.PHZ51,B
W10004_0799.PHK76,B
W10004_0799.PHZ51,B
W10004_0800.PHK76,B
W10004_0800.PHZ51,B
W10004_0801.PHK76,B
W10004_0801.PHZ51,B
W10004_0802.PHK76,B
W10004_0802.PHZ51,B
W10004_0803.PHK76,B
W10004_0803.PHZ51,B
W10004_0806.PHK76,B
W10004_0806.PHZ51,B
W10004_0807.PHK76,B
W10004_0807.PHZ51,B
W10004_0812.PHK76,B
W10004_0812.PHZ51,B
W10004_0814.PHK76,B
W10004_0814.PHZ51,B
W10004_0815.PHK76,C
W10004_0815.PHZ51,C
W10004_0818.PHK76,C
W10004_0818.PHZ51,C
W10004_0819.PHK76,C
W10004_0819.PHZ51,C
W10004_0820.PHK76,C
W10004_0820.PHZ51,C
W10004_0822.PHK76,C
W10004_0822.PHZ51,C
W10004_0823.PHK76,C
W10004_0823.PHZ51,C
W10004_0826.PHK76,C
W10004_0826.PHZ51,C
W10004_0827.PHK76,C
W10004_0827.PHZ51,C
W10004_0828.PHK76,C
W10004_0828.PHZ51,C
W10004_0830.PHK76,C
W10004_0830.PHZ51,C
W10004_0832.PHK76,C
W10004_0832.PHZ51,C
W10004_0833.PHK76,C
W10004_0833.PHZ51,C
W10004_0834.PHK76,C
W10004_0834.PHZ51,C
W10004_0836.PHK76,C
W10004_0836.PHZ51,C
W10004_0837.PHK76,C
W10004_0837.PHZ51,C
W10004_0840.PHK76,C
W10004_0840.PHZ51,C
W10004_0842.PHK76,C
W10004_0842.PHZ51,C
W10004_0843.PHK76,C
W10004_0843.PHZ51,C
W10004_0844.PHK76,C
W10004_0844.PHZ51,C
W10004_0847.PHK76,C
W10004_0847.PHZ51,C
W10004_0848.PHK76,C
W10004_0848.PHZ51,C
W10004_0851.PHZ51,C
W10004_0852.PHZ51,C
W10004_0856.PHK76,C
W10004_0856.PHZ51,C
W10004_0858.PHZ51,C
W10004_0859.PHK76,C
W10004_0859.PHZ51,C
W10004_0866.PHK76,C
W10004_0866.PHZ51,C
W10004_0868.PHK76,C
W10004_0868.PHZ51,C
W10004_0869.PHK76,C
W10004_0869.PHZ51,C
W10004_0876.PHK76,C
W10004_0876.PHZ51,C
W10004_0877.PHK76,C
W10004_0877.PHZ51,C
W10004_0879.PHK76,C
W10004_0879.PHZ51,C
W10004_0884.PHK76,C
W10004_0884.PHZ51,C
W10004_0885.PHK76,C
W10004_0885.PHZ51,C
W10004_0886.PHK76,C
W10004_0886.PHZ51,C
W10004_0888.PHK76,C
W10004_0888.PHZ51,C
W10004_0889.PHK76,C
W10004_0889.PHZ51,C
W10004_0891.PHK76,C
W10004_0891.PHZ51,C
W10004_0892.PHK76,C
W10004_0892.PHZ51,C
W10004_0894.PHK76,C
W10004_0894.PHZ51,C
W10004_0896.PHK76,C
W10004_0896.PHZ51,C
W10004_0900.PHK76,C
W10004_0900.PHZ51,C
W10004_0901.PHK76,C
W10004_0901.PHZ51,C
W10004_0907.PHK76,C
W10004_0907.PHZ51,C
W10004_0913.PHK76,C
W10004_0913.PHZ51,C
W10004_0914.PHK76,C
W10004_0914.PHZ51,C
W10004_0916.PHK76,C
W10004_0916.PHZ51,C
W10004_0918.PHK76,C
W10004_0918.PHZ51,C
W10004_0920.PHK76,C
W10004_0920.PHZ51,C
W10004_0922.PHZ51,C
W10004_0928.PHK76,C
W10004_0928.PHZ51,C
W10004_0930.PHK76,C
W10004_0930.PHZ51,C
W10004_0932.PHK76,C
W10004_0932.PHZ51,C
W10004_0935.PHK76,C
W10004_0935.PHZ51,C
W10004_0938.PHK76,C
W10004_0938.PHZ51,C
W10004_0940.PHK76,C
W10004_0940.PHZ51,C
W10004_0943.PHK76,C
W10004_0943.PHZ51,C
W10004_0949.PHK76,C
W10004_0949.PHZ51,C
W10004_0950.PHK76,C
W10004_0950.PHZ51,C
W10004_0951.PHK76,C
W10004_0951.PHZ51,C
W10004_0953.PHK76,C
W10004_0953.PHZ51,C
W10004_0955.PHK76,C
W10004_0955.PHZ51,C
W10004_0956.PHK76,C
W10004_0956.PHZ51,C
W10004_0963.PHK76,C
W10004_0963.PHZ51,C
W10004_0964.PHZ51,C
W10004_0965.PHK76,C
W10004_0965.PHZ51,C
W10004_0966.PHK76,C
W10004_0966.PHZ51,D
W10004_0969.PHK76,D
W10004_0969.PHZ51,D
W10004_0970.PHK76,D
W10004_0970.PHZ51,D
W10004_0971.PHK76,D
W10004_0971.PHZ51,D
W10004_0974.PHK76,D
W10004_0974.PHZ51,D
W10004_0975.PHK76,D
W10004_0975.PHZ51,D
W10004_0981.PHK76,D
W10004_0981.PHZ51,D
W10004_0982.PHK76,D
W10004_0982.PHZ51,D
W10004_0984.PHK76,D
W10004_0984.PHZ51,D
W10004_0988.PHK76,D
W10004_0988.PHZ51,D
W10004_0991.PHK76,D
W10004_0991.PHZ51,D
W10004_0996.PHK76,D
W10004_0996.PHZ51,D
W10004_0997.PHK76,D
W10004_0997.PHZ51,D
W10004_1000.PHK76,D
W10004_1000.PHZ51,D
W10004_1001.PHZ51,D
W10004_1002.PHK76,D
W10004_1002.PHZ51,D
W10004_1004.PHK76,D
W10004_1004.PHZ51,D
W10004_1007.PHK76,D
W10004_1007.PHZ51,D
W10004_1011.PHK76,D
W10004_1011.PHZ51,D
W10004_1014.PHK76,D
W10004_1014.PHZ51,D
W10004_1015.PHK76,D
W10004_1015.PHZ51,D
W10004_1018.PHK76,D
W10004_1018.PHZ51,D
W10004_1020.PHK76,D
W10004_1020.PHZ51,D
W10004_1032.PHK76,D
W10004_1032.PHZ51,D
W10004_1037.PHK76,D
W10004_1037.PHZ51,D
W10004_1045.PHK76,D
W10004_1045.PHZ51,D
W10004_1052.PHK76,D
W10004_1052.PHZ51,D
W10004_1057.PHK76,D
W10004_1057.PHZ51,D
W10004_1063.PHK76,D
W10004_1063.PHZ51,D
W10004_1064.PHK76,D
W10004_1064.PHZ51,D
W10004_1072.PHK76,D
W10004_1072.PHZ51,D
W10004_1080.PHK76,D
W10004_1080.PHZ51,D
W10004_1081.PHK76,D
W10004_1081.PHZ51,D
W10004_1084.PHK76,D
W10004_1084.PHZ51,D
W10004_1099.PHK76,D
W10004_1099.PHZ51,D
W10004_1104.PHK76,D
W10004_1104.PHZ51,D
W10004_1105.PHK76,D
W10004_1105.PHZ51,D
W10004_1112.PHK76,D
W10004_1112.PHZ51,D
W10004_1117.PHK76,D
W10004_1117.PHZ51,D
W10004_1118.PHK76,D
W10004_1118.PHZ51,D
W10004_1123.PHK76,D
W10004_1123.PHZ51,D
W10004_1140.PHK76,D
W10004_1140.PHZ51,D
W10004_1143.PHK76,D
W10004_1143.PHZ51,D
W10004_1146.PHZ51,D
W10004_1156.PHK76,D
W10004_1156.PHZ51,D
W10004_1156/PHZ51,D
