"","Hybrid","Hybrid_Parent1","Hybrid_Parent2","Year"
"130499","W10004_1020/PHK76","W10004_1020","PHK76",2001
"130500","W10004_0116/PHK76","W10004_0116","PHK76",2007
"130501","W10004_0628/PHK76","W10004_0628","PHK76",2002
"130502","W10004_0241/PHK76","W10004_0241","PHK76",2014
"130503","TX951/LH195","TX951","LH195",2002
"130504","W10004_0270/PHK76","W10004_0270","PHK76",2002
"130505","PHB47/PHN82","PHB47","PHN82",2007
"130506","W10004_0396/PHK76","W10004_0396","PHK76",2012
"130507","W10004_0687/PHK76","W10004_0687","PHK76",2021
"130508","W10004_0818/PHK76","W10004_0818","PHK76",2009
"130509","W10004_0150/PHK76","W10004_0150","PHK76",2006
"130510","W10004_0900/PHK76","W10004_0900","PHK76",2008
"130511","PHW52/PHN82","PHW52","PHN82",2008
"130512","W10004_0966/PHK76","W10004_0966","PHK76",2022
"130513","W10004_0844/PHK76","W10004_0844","PHK76",2018
"130514","W10004_1140/PHK76","W10004_1140","PHK76",2018
"130515","W10004_0055/PHK76","W10004_0055","PHK76",2022
"130516","W10004_0112/PHK76","W10004_0112","PHK76",2003
"130517","W10004_0035/PHK76","W10004_0035","PHK76",2010
"130518","W10004_0062/PHK76","W10004_0062","PHK76",2013
"130519","W10004_0848/PHK76","W10004_0848","PHK76",2016
"130520","W10004_0047/PHK76","W10004_0047","PHK76",2002
"130521","W10004_0487/PHK76","W10004_0487","PHK76",2019
"130522","W10004_0637/PHK76","W10004_0637","PHK76",2008
"130523","W10004_0327/PHK76","W10004_0327","PHK76",2008
"130524","W10004_0981/PHK76","W10004_0981","PHK76",2012
"130525","W10004_0616/PHK76","W10004_0616","PHK76",2013
"130526","W10004_1004/PHK76","W10004_1004","PHK76",2019
"130527","W10004_0308/PHK76","W10004_0308","PHK76",2016
"130528","W10004_0417/PHK76","W10004_0417","PHK76",2003
"130529","W10004_0078/PHK76","W10004_0078","PHK76",2012
"130530","W10004_0680/PHK76","W10004_0680","PHK76",2007
"130531","W10004_0236/PHK76","W10004_0236","PHK76",2011
"130532","B14A/H95","B14A","H95",2017
"130533","W10004_0501/PHK76","W10004_0501","PHK76",2013
"130534","W10004_0970/PHK76","W10004_0970","PHK76",2013
"130535","B37/MO17","B37","MO17",2012
"130536","W10004_1081/PHK76","W10004_1081","PHK76",2008
"130537","W10004_0971/PHK76","W10004_0971","PHK76",2010
"130538","W10004_0932/PHK76","W10004_0932","PHK76",2017
"130539","W10004_0013/PHK76","W10004_0013","PHK76",2015
"130540","W10004_0190/PHK76","W10004_0190","PHK76",2018
"130541","W10004_0781/PHK76","W10004_0781","PHK76",2013
"130542","W10004_0336/PHK76","W10004_0336","PHK76",2011
"130543","W10004_0238/PHK76","W10004_0238","PHK76",2010
"130544","PHG39/PHN82","PHG39","PHN82",2006
"130545","W10004_0127/PHK76","W10004_0127","PHK76",2011
"130546","W10004_0888/PHK76","W10004_0888","PHK76",2011
"130547","W10004_0194/PHK76","W10004_0194","PHK76",2012
"130548","W10004_0982/PHK76","W10004_0982","PHK76",2007
"130549","W10004_1011/PHK76","W10004_1011","PHK76",2002
"130550","W10004_0093/PHK76","W10004_0093","PHK76",2016
"130551","W10004_0467/PHK76","W10004_0467","PHK76",2016
"130552","W10004_0134/PHK76","W10004_0134","PHK76",2017
"130553","W10004_0220/PHK76","W10004_0220","PHK76",2007
"130554","TX777/LH195","TX777","LH195",2009
"130555","W10004_0110/PHK76","W10004_0110","PHK76",2006
"130556","W10004_0760/PHK76","W10004_0760","PHK76",2017
"130557","W10004_0122/PHK76","W10004_0122","PHK76",2016
"130558","W10004_0311/PHK76","W10004_0311","PHK76",2014
"130559","W10004_0200/PHK76","W10004_0200","PHK76",2007
"130560","B37/OH43","B37","OH43",2002
"130561","W10004_0889/PHK76","W10004_0889","PHK76",2019
"130562","W10004_1112/PHK76","W10004_1112","PHK76",2019
"130563","W10004_0950/PHK76","W10004_0950","PHK76",2011
"130564","W10004_1099/PHK76","W10004_1099","PHK76",2013
"130565","W10004_0943/PHK76","W10004_0943","PHK76",2002
"130566","W10004_0133/PHK76","W10004_0133","PHK76",2021
"130567","W10004_1015/PHK76","W10004_1015","PHK76",2018
"130568","W10004_1000/PHK76","W10004_1000","PHK76",2003
"130569","W10004_0602/PHK76","W10004_0602","PHK76",2017
"130570","W10004_0006/PHK76","W10004_0006","PHK76",2008
"130572","W10004_0059/PHK76","W10004_0059","PHK76",2012
"130573","W10004_0031/PHK76","W10004_0031","PHK76",2009
"130574","W10004_0171/PHK76","W10004_0171","PHK76",2020
"130575","W10004_0834/PHK76","W10004_0834","PHK76",2008
"130576","W10004_0217/PHK76","W10004_0217","PHK76",2004
"130577","W10004_0644/PHK76","W10004_0644","PHK76",2010
"130578","W10004_1123/PHK76","W10004_1123","PHK76",2018
"130579","W10004_0106/PHK76","W10004_0106","PHK76",2017
"130580","W10004_0879/PHK76","W10004_0879","PHK76",2014
"130581","W10004_0258/PHK76","W10004_0258","PHK76",2016
"130582","W10004_0639/PHK76","W10004_0639","PHK76",2016
"130583","W10004_0409/PHK76","W10004_0409","PHK76",2013
"130584","W10004_0212/PHK76","W10004_0212","PHK76",2009
"130585","W10004_0828/PHK76","W10004_0828","PHK76",2015
"130586","W10004_0661/PHK76","W10004_0661","PHK76",2018
"130587","W10004_0262/PHK76","W10004_0262","PHK76",2009
"130588","B73/MO17","B73","MO17",2022
"130589","F42/H95","F42","H95",2017
"130590","W10004_0664/PHK76","W10004_0664","PHK76",2006
"130591","W10004_0424/PHK76","W10004_0424","PHK76",2012
"130592","B73/PHN82","B73","PHN82",2006
"130594","W10004_0011/PHK76","W10004_0011","PHK76",2005
"130595","W10004_0622/PHK76","W10004_0622","PHK76",2008
"130596","W10004_0794/PHK76","W10004_0794","PHK76",2002
"130597","W10004_0789/PHK76","W10004_0789","PHK76",2020
"130598","W10004_0271/PHK76","W10004_0271","PHK76",2016
"130599","W10004_0253/PHK76","W10004_0253","PHK76",2012
"130600","W10004_0427/PHK76","W10004_0427","PHK76",2011
"130601","PHW52/PHM49","PHW52","PHM49",2016
"130602","W10004_0072/PHK76","W10004_0072","PHK76",2007
"130603","W10004_0756/PHK76","W10004_0756","PHK76",2006
"130604","W10004_0614/PHK76","W10004_0614","PHK76",2006
"130605","W10004_0751/PHK76","W10004_0751","PHK76",2022
"130606","W10004_0268/PHK76","W10004_0268","PHK76",2016
"130607","W10004_0014/PHK76","W10004_0014","PHK76",2013
"130608","W10004_0063/PHK76","W10004_0063","PHK76",2017
"130609","LH74/PHN82","LH74","PHN82",2009
"130610","W10004_0907/PHK76","W10004_0907","PHK76",2015
"130611","W10004_0965/PHK76","W10004_0965","PHK76",2020
"130612","W10004_0714/PHK76","W10004_0714","PHK76",2013
"130613","W10004_0859/PHK76","W10004_0859","PHK76",2002
"130614","W10004_0820/PHK76","W10004_0820","PHK76",2016
"130615","W10004_0856/PHK76","W10004_0856","PHK76",2012
"130616","W10004_0866/PHK76","W10004_0866","PHK76",2010
"130617","W10004_0204/PHK76","W10004_0204","PHK76",2004
"130618","W10004_0412/PHK76","W10004_0412","PHK76",2016
"130619","W10004_0032/PHK76","W10004_0032","PHK76",2018
"130620","W10004_0045/PHK76","W10004_0045","PHK76",2015
"130621","W10004_1057/PHK76","W10004_1057","PHK76",2006
"130622","W10004_0203/PHK76","W10004_0203","PHK76",2006
"130623","W10004_0149/PHK76","W10004_0149","PHK76",2012
"130624","F42/OH43","F42","OH43",2016
"130625","W10004_0988/PHK76","W10004_0988","PHK76",2012
"130626","W10004_0745/PHK76","W10004_0745","PHK76",2003
"130627","W10004_0801/PHK76","W10004_0801","PHK76",2022
"130628","W10004_0276/PHK76","W10004_0276","PHK76",2015
"130629","W10004_0773/PHK76","W10004_0773","PHK76",2013
"130630","W10004_0121/PHK76","W10004_0121","PHK76",2016
"130631","W10004_0754/PHK76","W10004_0754","PHK76",2010
"130632","W10004_0673/PHK76","W10004_0673","PHK76",2002
"130634","W10004_0675/PHK76","W10004_0675","PHK76",2017
"130635","B73/TX779","B73","TX779",2010
"130636","W10004_1104/PHK76","W10004_1104","PHK76",2017
"130637","W10004_0046/PHK76","W10004_0046","PHK76",2005
"130638","W10004_0070/PHK76","W10004_0070","PHK76",2007
"130639","W10004_0146/PHK76","W10004_0146","PHK76",2005
"130640","W10004_1143/PHK76","W10004_1143","PHK76",2020
"130641","W10004_0713/PHK76","W10004_0713","PHK76",2014
"130642","TX714/TX779","TX714","TX779",2011
"130643","W10004_0144/PHK76","W10004_0144","PHK76",2022
"130644","W10004_0651/PHK76","W10004_0651","PHK76",2012
"130645","W10004_0026/PHK76","W10004_0026","PHK76",2001
"130646","W10004_0876/PHK76","W10004_0876","PHK76",2001
"130647","W10004_0362/PHK76","W10004_0362","PHK76",2005
"130648","W10004_0310/PHK76","W10004_0310","PHK76",2022
"130649","W10004_0256/PHK76","W10004_0256","PHK76",2006
"130650","W10004_0685/PHK76","W10004_0685","PHK76",2019
"130651","B14A/MO17","B14A","MO17",2017
"130652","W10004_0290/PHK76","W10004_0290","PHK76",2008
"130653","W10004_0984/PHK76","W10004_0984","PHK76",2012
"130654","W10004_0292/PHK76","W10004_0292","PHK76",2016
"130655","W10004_0098/PHK76","W10004_0098","PHK76",2010
"130656","W10004_0991/PHK76","W10004_0991","PHK76",2003
"130657","W10004_0168/PHK76","W10004_0168","PHK76",2022
"130659","CG44/CGR01","CG44","CGR01",2002
"130660","W10004_0064/PHK76","W10004_0064","PHK76",2009
"130661","W10004_0034/PHK76","W10004_0034","PHK76",2011
"130662","W10004_0734/PHK76","W10004_0734","PHK76",2004
"130663","W10004_0192/PHK76","W10004_0192","PHK76",2020
"130664","B37/H95","B37","H95",2022
"130665","W10004_0086/PHK76","W10004_0086","PHK76",2002
"130666","W10004_0819/PHK76","W10004_0819","PHK76",2017
"130667","W10004_0309/PHK76","W10004_0309","PHK76",2009
"130668","W10004_0775/PHK76","W10004_0775","PHK76",2018
"130669","W10004_0254/PHK76","W10004_0254","PHK76",2002
"130670","W10004_0812/PHK76","W10004_0812","PHK76",2007
"130671","W10004_0620/PHK76","W10004_0620","PHK76",2020
"130672","W10004_0042/PHK76","W10004_0042","PHK76",2010
"130673","W10004_0928/PHK76","W10004_0928","PHK76",2018
"130674","W10004_0007/PHK76","W10004_0007","PHK76",2004
"130676","W10004_0802/PHK76","W10004_0802","PHK76",2017
"130677","W10004_0833/PHK76","W10004_0833","PHK76",2003
"130678","W10004_0632/PHK76","W10004_0632","PHK76",2004
"130679","W10004_0403/PHK76","W10004_0403","PHK76",2019
"130680","W10004_0877/PHK76","W10004_0877","PHK76",2003
"130681","W10004_0179/PHK76","W10004_0179","PHK76",2012
"130682","W10004_0682/PHK76","W10004_0682","PHK76",2019
"130683","W10004_0914/PHK76","W10004_0914","PHK76",2012
"130684","W10004_0076/PHK76","W10004_0076","PHK76",2002
"130685","W10004_0087/PHK76","W10004_0087","PHK76",2019
"130686","W10004_0394/PHK76","W10004_0394","PHK76",2020
"130687","W10004_0097/PHK76","W10004_0097","PHK76",2002
"130688","B14A/OH43","B14A","OH43",2016
"130689","W10004_0624/PHK76","W10004_0624","PHK76",2007
"130690","W10004_0612/PHK76","W10004_0612","PHK76",2020
"130691","W10004_0807/PHK76","W10004_0807","PHK76",2018
"130692","W10004_0806/PHK76","W10004_0806","PHK76",2001
"130693","W10004_0667/PHK76","W10004_0667","PHK76",2019
"130694","W10004_0827/PHK76","W10004_0827","PHK76",2011
"130695","W10004_0071/PHK76","W10004_0071","PHK76",2014
"130696","W10004_0768/PHK76","W10004_0768","PHK76",2005
"130697","W10004_0167/PHK76","W10004_0167","PHK76",2018
"130698","W10004_0148/PHK76","W10004_0148","PHK76",2010
"130699","W10004_0166/PHK76","W10004_0166","PHK76",2016
"130700","W10004_1118/PHK76","W10004_1118","PHK76",2004
"130701","W10004_0068/PHK76","W10004_0068","PHK76",2002
"130702","W10004_0654/PHK76","W10004_0654","PHK76",2006
"130703","W10004_0631/PHK76","W10004_0631","PHK76",2019
"130704","W10004_0101/PHK76","W10004_0101","PHK76",2018
"130705","W10004_0732/PHK76","W10004_0732","PHK76",2002
"130706","W10004_0095/PHK76","W10004_0095","PHK76",2010
"130707","W10004_1002/PHK76","W10004_1002","PHK76",2012
"130708","F42/MO17","F42","MO17",2004
"130709","W10004_0389/PHK76","W10004_0389","PHK76",2019
"130710","W10004_1084/PHK76","W10004_1084","PHK76",2003
"130712","W10004_0702/PHK76","W10004_0702","PHK76",2004
"130713","TX779/LH195","TX779","LH195",2003
"130714","W10004_0618/PHK76","W10004_0618","PHK76",2016
"130715","W10004_0152/PHK76","W10004_0152","PHK76",2004
"130716","W10004_0291/PHK76","W10004_0291","PHK76",2001
"130717","W10004_0199/PHK76","W10004_0199","PHK76",2021
"130718","W10004_0869/PHK76","W10004_0869","PHK76",2019
"130719","W10004_1037/PHK76","W10004_1037","PHK76",2016
"130720","W10004_0196/PHK76","W10004_0196","PHK76",2005
"130721","CG119/CG108","CG119","CG108",2003
"130722","W10004_0038/PHK76","W10004_0038","PHK76",2013
"130723","W10004_0711/PHK76","W10004_0711","PHK76",2003
"130724","W10004_0956/PHK76","W10004_0956","PHK76",2006
"130725","W10004_0103/PHK76","W10004_0103","PHK76",2016
"130726","W10004_0041/PHK76","W10004_0041","PHK76",2015
"130727","W10004_0027/PHK76","W10004_0027","PHK76",2007
"130728","W10004_0383/PHK76","W10004_0383","PHK76",2003
"130729","W10004_0736/PHK76","W10004_0736","PHK76",2001
"130730","W10004_0938/PHK76","W10004_0938","PHK76",2013
"130732","B73/PHM49","B73","PHM49",2010
"130733","W10004_0261/PHK76","W10004_0261","PHK76",2014
"130734","W10004_0746/PHK76","W10004_0746","PHK76",2017
"130735","W10004_0896/PHK76","W10004_0896","PHK76",2005
"130736","W10004_1032/PHK76","W10004_1032","PHK76",2022
"130737","W10004_0465/PHK76","W10004_0465","PHK76",2007
"130738","W10004_0951/PHK76","W10004_0951","PHK76",2005
"130739","W10004_0712/PHK76","W10004_0712","PHK76",2020
"130740","2369/LH123HT","2369","LH123HT",2002
"130741","W10004_0065/PHK76","W10004_0065","PHK76",2017
"130742","W10004_0299/PHK76","W10004_0299","PHK76",2011
"130743","W10004_1018/PHK76","W10004_1018","PHK76",2014
"130744","W10004_0707/PHK76","W10004_0707","PHK76",2012
"130745","W10004_0774/PHK76","W10004_0774","PHK76",2019
"130746","W10004_0658/PHK76","W10004_0658","PHK76",2004
"130747","W10004_0154/PHK76","W10004_0154","PHK76",2020
"130748","LOCAL_CHECK",NA,NA,2007
"130751","W10004_0039/PHK76","W10004_0039","PHK76",2019
"130756","W10004_0832/PHK76","W10004_0832","PHK76",2013
"130758","W10004_0061/PHK76","W10004_0061","PHK76",2007
"130759","W10004_0306/PHK76","W10004_0306","PHK76",2006
"130760","W10004_1072/PHK76","W10004_1072","PHK76",2013
"130764","W10004_0344/PHK76","W10004_0344","PHK76",2018
"130766","W10004_0393/PHK76","W10004_0393","PHK76",2022
"130767","W10004_0225/PHK76","W10004_0225","PHK76",2022
"130769","W10004_1007/PHK76","W10004_1007","PHK76",2004
"130770","W10004_0118/PHK76","W10004_0118","PHK76",2002
"130771","W10004_1117/PHK76","W10004_1117","PHK76",2001
"130775","W10004_0795/PHK76","W10004_0795","PHK76",2007
"130776","W10004_0129/PHK76","W10004_0129","PHK76",2011
"130777","W10004_0953/PHK76","W10004_0953","PHK76",2020
"130780","W10004_0213/PHK76","W10004_0213","PHK76",2020
"130785","W10004_0779/PHK76","W10004_0779","PHK76",2021
"130787","W10004_0474/PHK76","W10004_0474","PHK76",2022
"130791","W10004_0381/PHK76","W10004_0381","PHK76",2004
"130792","W10004_0814/PHK76","W10004_0814","PHK76",2001
"130793","W10004_0380/PHK76","W10004_0380","PHK76",2013
"130794","W10004_0601/PHK76","W10004_0601","PHK76",2001
"130795","W10004_0206/PHK76","W10004_0206","PHK76",2018
"130796","W10004_0410/PHK76","W10004_0410","PHK76",2020
"130798","W10004_0836/PHK76","W10004_0836","PHK76",2004
"130799","W10004_0920/PHK76","W10004_0920","PHK76",2010
"130800","W10004_0800/PHK76","W10004_0800","PHK76",2012
"130802","W10004_0010/PHK76","W10004_0010","PHK76",2022
"130803","W10004_0346/PHK76","W10004_0346","PHK76",2004
"130804","W10004_0842/PHK76","W10004_0842","PHK76",2005
"130806","W10004_1156/PHK76","W10004_1156","PHK76",2017
"130808","W10004_0822/PHK76","W10004_0822","PHK76",2013
"130809","W10004_0264/PHK76","W10004_0264","PHK76",2006
"130813","W10004_0717/PHK76","W10004_0717","PHK76",2014
"130814","W10004_0997/PHK76","W10004_0997","PHK76",2022
"130815","W10004_0843/PHK76","W10004_0843","PHK76",2002
"130816","W10004_0688/PHK76","W10004_0688","PHK76",2002
"130817","W10004_0160/PHK76","W10004_0160","PHK76",2018
"130822","W10004_0949/PHK76","W10004_0949","PHK76",2010
"130824","W10004_0231/PHK76","W10004_0231","PHK76",2004
"130825","W10004_0498/PHK76","W10004_0498","PHK76",2011
"130826","W10004_0886/PHK76","W10004_0886","PHK76",2001
"130827","W10004_0705/PHK76","W10004_0705","PHK76",2003
"130829","W10004_1105/PHK76","W10004_1105","PHK76",2001
"130833","W10004_0672/PHK76","W10004_0672","PHK76",2007
"130834","W10004_0727/PHK76","W10004_0727","PHK76",2020
"130835","W10004_0696/PHK76","W10004_0696","PHK76",2006
"130836","W10004_0115/PHK76","W10004_0115","PHK76",2012
"130837","W10004_0053/PHK76","W10004_0053","PHK76",2003
"130838","W10004_0787/PHK76","W10004_0787","PHK76",2019
"130839","W10004_0847/PHK76","W10004_0847","PHK76",2002
"130840","W10004_0733/PHK76","W10004_0733","PHK76",2007
"130841","W10004_1014/PHK76","W10004_1014","PHK76",2017
"130843","W10004_0799/PHK76","W10004_0799","PHK76",2012
"130844","W10004_0996/PHK76","W10004_0996","PHK76",2020
"130845","W10004_0140/PHK76","W10004_0140","PHK76",2020
"130847","W10004_0697/PHK76","W10004_0697","PHK76",2004
"130851","W10004_0913/PHK76","W10004_0913","PHK76",2016
"130852","W10004_0916/PHK76","W10004_0916","PHK76",2018
"130855","W10004_0678/PHK76","W10004_0678","PHK76",2021
"130856","W10004_0963/PHK76","W10004_0963","PHK76",2014
"130857","W10004_0619/PHK76","W10004_0619","PHK76",2018
"130859","W10004_0361/PHK76","W10004_0361","PHK76",2018
"130860","W10004_0782/PHK76","W10004_0782","PHK76",2002
"130862","W10004_0695/PHK76","W10004_0695","PHK76",2018
"130863","W10004_0891/PHK76","W10004_0891","PHK76",2012
"130864","W10004_0837/PHK76","W10004_0837","PHK76",2014
"130865","W10004_0147/PHK76","W10004_0147","PHK76",2002
"130868","W10004_0723/PHK76","W10004_0723","PHK76",2007
"130869","W10004_0918/PHK76","W10004_0918","PHK76",2006
"130870","W10004_0935/PHK76","W10004_0935","PHK76",2003
"130871","W10004_0227/PHK76","W10004_0227","PHK76",2006
"130872","W10004_0940/PHK76","W10004_0940","PHK76",2007
"130875","W10004_0703/PHK76","W10004_0703","PHK76",2003
"130877","W10004_0741/PHK76","W10004_0741","PHK76",2002
"130880","W10004_0080/PHK76","W10004_0080","PHK76",2013
"130881","W10004_0018/PHK76","W10004_0018","PHK76",2014
"130883","W10004_0178/PHK76","W10004_0178","PHK76",2017
"130884","W10004_0625/PHK76","W10004_0625","PHK76",2012
"130885","W10004_0892/PHK76","W10004_0892","PHK76",2016
"130887","W10004_0329/PHK76","W10004_0329","PHK76",2010
"130888","W10004_0955/PHK76","W10004_0955","PHK76",2002
"130889","W10004_0224/PHK76","W10004_0224","PHK76",2002
"130891","W10004_0197/PHK76","W10004_0197","PHK76",2007
"130893","W10004_0505/PHK76","W10004_0505","PHK76",2005
"130894","W10004_0649/PHK76","W10004_0649","PHK76",2019
"130896","W10004_0691/PHK76","W10004_0691","PHK76",2014
"130897","W10004_0840/PHK76","W10004_0840","PHK76",2021
"130898","W10004_0073/PHK76","W10004_0073","PHK76",2020
"130899","W10004_0783/PHK76","W10004_0783","PHK76",2015
"130902","W10004_0901/PHK76","W10004_0901","PHK76",2008
"130903","W10004_0974/PHK76","W10004_0974","PHK76",2020
"130906","W10004_0169/PHK76","W10004_0169","PHK76",2019
"130908","W10004_0975/PHK76","W10004_0975","PHK76",2007
"130911","W10004_0885/PHK76","W10004_0885","PHK76",2022
"130912","W10004_0092/PHK76","W10004_0092","PHK76",2018
"130916","W10004_0626/PHK76","W10004_0626","PHK76",2019
"130918","W10004_0223/PHK76","W10004_0223","PHK76",2004
"130920","W10004_0646/PHK76","W10004_0646","PHK76",2008
"130922","W10004_0689/PHK76","W10004_0689","PHK76",2006
"130923","W10004_0037/PHK76","W10004_0037","PHK76",2003
"130924","W10004_0395/PHK76","W10004_0395","PHK76",2007
"130928","W10004_1045/PHK76","W10004_1045","PHK76",2016
"130930","W10004_0894/PHK76","W10004_0894","PHK76",2004
"130931","W10004_1080/PHK76","W10004_1080","PHK76",2016
"130932","W10004_0099/PHK76","W10004_0099","PHK76",2009
"130938","W10004_0153/PHK76","W10004_0153","PHK76",2013
"130941","W10004_0884/PHK76","W10004_0884","PHK76",2016
"130942","W10004_0419/PHK76","W10004_0419","PHK76",2021
"130944","W10004_0185/PHK76","W10004_0185","PHK76",2013
"130947","W10004_0823/PHK76","W10004_0823","PHK76",2003
"130948","W10004_0684/PHK76","W10004_0684","PHK76",2004
"130949","W10004_0826/PHK76","W10004_0826","PHK76",2004
"130951","W10004_0430/PHK76","W10004_0430","PHK76",2004
"130953","W10004_0069/PHK76","W10004_0069","PHK76",2019
"130955","W10004_0659/PHK76","W10004_0659","PHK76",2003
"130956","W10004_0079/PHK76","W10004_0079","PHK76",2015
"130957","W10004_0930/PHK76","W10004_0930","PHK76",2007
"130958","W10004_0608/PHK76","W10004_0608","PHK76",2016
"130960","W10004_0815/PHK76","W10004_0815","PHK76",2010
"130961","W10004_1052/PHK76","W10004_1052","PHK76",2004
"130962","W10004_0792/PHK76","W10004_0792","PHK76",2005
"130964","W10004_0138/PHK76","W10004_0138","PHK76",2020
"130965","W10004_0757/PHK76","W10004_0757","PHK76",2011
"130968","W10004_1063/PHK76","W10004_1063","PHK76",2001
"130970","W10004_0132/PHK76","W10004_0132","PHK76",2014
"130971","W10004_0669/PHK76","W10004_0669","PHK76",2007
"130972","W10004_0476/PHK76","W10004_0476","PHK76",2017
"130973","W10004_0798/PHK76","W10004_0798","PHK76",2015
"130974","W10004_0868/PHK76","W10004_0868","PHK76",2016
"130976","W10004_0747/PHK76","W10004_0747","PHK76",2004
"130978","W10004_0701/PHK76","W10004_0701","PHK76",2016
"130982","W10004_0715/PHK76","W10004_0715","PHK76",2003
"130984","W10004_0008/PHK76","W10004_0008","PHK76",2001
"130985","W10004_0119/PHK76","W10004_0119","PHK76",2006
"130986","W10004_0771/PHK76","W10004_0771","PHK76",2019
"130990","W10004_1064/PHK76","W10004_1064","PHK76",2014
"130992","W10004_0729/PHK76","W10004_0729","PHK76",2018
"130994","W10004_0803/PHK76","W10004_0803","PHK76",2008
"130995","W10004_0221/PHK76","W10004_0221","PHK76",2011
"130997","W10004_0969/PHK76","W10004_0969","PHK76",2022
"130998","W10004_0830/PHK76","W10004_0830","PHK76",2021
"131000","LH195/MO17","LH195","MO17",2009
"131001","LH244/PHZ51","LH244","PHZ51",2005
"131003","B73/PHK76","B73","PHK76",2016
"131004","PHG29/PHG47","PHG29","PHG47",2005
"131005","PHB47/PHZ51","PHB47","PHZ51",2017
"131007","LH244/MO17","LH244","MO17",2004
"131008","LH195/PHN82","LH195","PHN82",2020
"131009","PHB47/PHK76","PHB47","PHK76",2017
"131010","B73/PHZ51","B73","PHZ51",2011
"131011","PHB47/MO17","PHB47","MO17",2001
"131012","LH145/LH82","LH145","LH82",2020
"131013","LH244/PHN82","LH244","PHN82",2004
"131014","TX714/PHZ51","TX714","PHZ51",2002
"131015","LH244/PHK76","LH244","PHK76",2014
"131016","PHRE1/PHTD5","PHRE1","PHTD5",2013
"131017","PHJ40/PHAJ0","PHJ40","PHAJ0",2005
"131018","PHJ89/PH207","PHJ89","PH207",2014
"131019","LH195/PHZ51","LH195","PHZ51",2006
"131020","LH195/PHK76","LH195","PHK76",2019
"131043","W10004_0256/PHZ51","W10004_0256","PHZ51",2021
"131044","W10004_0329/PHZ51","W10004_0329","PHZ51",2020
"131045","W10004_0336/PHZ51","W10004_0336","PHZ51",2010
"131046","W10004_0039/PHZ51","W10004_0039","PHZ51",2009
"131047","W10004_0031/PHZ51","W10004_0031","PHZ51",2022
"131049","W10004_0619/PHZ51","W10004_0619","PHZ51",2019
"131050","W10004_0071/PHZ51","W10004_0071","PHZ51",2020
"131051","W10004_0982/PHZ51","W10004_0982","PHZ51",2022
"131052","W10004_0935/PHZ51","W10004_0935","PHZ51",2020
"131101","W10004_0950/PHZ51","W10004_0950","PHZ51",2014
"131103","W10004_0069/PHZ51","W10004_0069","PHZ51",2022
"131104","W10004_0665/PHZ51","W10004_0665","PHZ51",2022
"131105","W10004_0070/PHZ51","W10004_0070","PHZ51",2005
"131106","W10004_0006/PHZ51","W10004_0006","PHZ51",2001
"131107","W10004_0061/PHZ51","W10004_0061","PHZ51",2010
"131108","W10004_0393/PHZ51","W10004_0393","PHZ51",2006
"131109","W10004_0227/PHZ51","W10004_0227","PHZ51",2002
"131110","W10004_0639/PHZ51","W10004_0639","PHZ51",2008
"131111","W10004_0032/PHZ51","W10004_0032","PHZ51",2017
"131112","W10004_0981/PHZ51","W10004_0981","PHZ51",2022
"131114","W10004_0832/PHZ51","W10004_0832","PHZ51",2002
"131115","W10004_0920/PHZ51","W10004_0920","PHZ51",2001
"131116","W10004_0848/PHZ51","W10004_0848","PHZ51",2006
"131117","W10004_0806/PHZ51","W10004_0806","PHZ51",2010
"131118","W10004_0080/PHZ51","W10004_0080","PHZ51",2009
"131119","W10004_0651/PHZ51","W10004_0651","PHZ51",2019
"131120","W10004_0705/PHZ51","W10004_0705","PHZ51",2001
"131121","W10004_0474/PHZ51","W10004_0474","PHZ51",2020
"131122","W10004_0146/PHZ51","W10004_0146","PHZ51",2016
"131123","W10004_0018/PHZ51","W10004_0018","PHZ51",2018
"131124","W10004_0106/PHZ51","W10004_0106","PHZ51",2017
"131125","TX779/LH195","LH195","TX779",2019
"131126","W10004_0949/PHZ51","W10004_0949","PHZ51",2003
"131127","W10004_0965/PHZ51","W10004_0965","PHZ51",2021
"131128","W10004_0754/PHZ51","W10004_0754","PHZ51",2018
"131129","W10004_0675/PHZ51","W10004_0675","PHZ51",2015
"131131","W10004_0203/PHZ51","W10004_0203","PHZ51",2015
"131132","W10004_0065/PHZ51","W10004_0065","PHZ51",2017
"131133","W10004_0362/PHZ51","W10004_0362","PHZ51",2017
"131134","W10004_0996/PHZ51","W10004_0996","PHZ51",2004
"131135","LH82/TX779","LH82","TX779",2022
"131136","W10004_0884/PHZ51","W10004_0884","PHZ51",2003
"131137","W10004_0997/PHZ51","W10004_0997","PHZ51",2022
"131138","W10004_0628/PHZ51","W10004_0628","PHZ51",2001
"131139","W10004_0840/PHZ51","W10004_0840","PHZ51",2018
"131140","W10004_0225/PHZ51","W10004_0225","PHZ51",2012
"131141","W10004_0213/PHZ51","W10004_0213","PHZ51",2001
"131143","W10004_0685/PHZ51","W10004_0685","PHZ51",2020
"131145","W10004_0154/PHZ51","W10004_0154","PHZ51",2008
"131146","W10004_0894/PHZ51","W10004_0894","PHZ51",2022
"131147","W10004_0007/PHZ51","W10004_0007","PHZ51",2007
"131148","W10004_0008/PHZ51","W10004_0008","PHZ51",2010
"131149","W10004_0963/PHZ51","W10004_0963","PHZ51",2019
"131150","W10004_0779/PHZ51","W10004_0779","PHZ51",2002
"131151","W10004_0194/PHZ51","W10004_0194","PHZ51",2013
"131152","W10004_0736/PHZ51","W10004_0736","PHZ51",2019
"131154","W10004_0626/PHZ51","W10004_0626","PHZ51",2016
"131155","W10004_0852/PHZ51","W10004_0852","PHZ51",2016
"131156","W10004_0292/PHZ51","W10004_0292","PHZ51",2012
"131157","W10004_0707/PHZ51","W10004_0707","PHZ51",2003
"131158","W10004_0645/PHZ51","W10004_0645","PHZ51",2005
"131159","W10004_0969/PHZ51","W10004_0969","PHZ51",2021
"131160","W10004_0669/PHZ51","W10004_0669","PHZ51",2011
"131161","W10004_0306/PHZ51","W10004_0306","PHZ51",2008
"131163","W10004_0309/PHZ51","W10004_0309","PHZ51",2007
"131164","W10004_1072/PHZ51","W10004_1072","PHZ51",2020
"131165","W10004_0691/PHZ51","W10004_0691","PHZ51",2012
"131166","W10004_0649/PHZ51","W10004_0649","PHZ51",2014
"131167","W10004_0834/PHZ51","W10004_0834","PHZ51",2011
"131168","W10004_0885/PHZ51","W10004_0885","PHZ51",2008
"131169","W10004_0190/PHZ51","W10004_0190","PHZ51",2002
"131170","W10004_0795/PHZ51","W10004_0795","PHZ51",2022
"131171","W10004_0122/PHZ51","W10004_0122","PHZ51",2009
"131172","W10004_0775/PHZ51","W10004_0775","PHZ51",2019
"131173","W10004_0684/PHZ51","W10004_0684","PHZ51",2001
"131174","W10004_0914/PHZ51","W10004_0914","PHZ51",2001
"131175","W10004_0220/PHZ51","W10004_0220","PHZ51",2022
"131178","W10004_0844/PHZ51","W10004_0844","PHZ51",2008
"131179","W10004_0045/PHZ51","W10004_0045","PHZ51",2021
"131180","W10004_0053/PHZ51","W10004_0053","PHZ51",2007
"131181","W10004_0792/PHZ51","W10004_0792","PHZ51",2020
"131182","W10004_0826/PHZ51","W10004_0826","PHZ51",2013
"131183","W10004_0654/PHZ51","W10004_0654","PHZ51",2006
"131185","W10004_0505/PHZ51","W10004_0505","PHZ51",2008
"131186","W10004_0667/PHZ51","W10004_0667","PHZ51",2003
"131188","W10004_0133/PHZ51","W10004_0133","PHZ51",2001
"131189","W10004_0073/PHZ51","W10004_0073","PHZ51",2010
"131190","W10004_0729/PHZ51","W10004_0729","PHZ51",2018
"131191","W10004_1007/PHZ51","W10004_1007","PHZ51",2019
"131192","W10004_0620/PHZ51","W10004_0620","PHZ51",2019
"131193","W10004_0264/PHZ51","W10004_0264","PHZ51",2003
"131194","W10004_0189/PHZ51","W10004_0189","PHZ51",2006
"131195","W10004_0138/PHZ51","W10004_0138","PHZ51",2016
"131196","W10004_0842/PHZ51","W10004_0842","PHZ51",2015
"131197","W10004_0814/PHZ51","W10004_0814","PHZ51",2006
"131198","W10004_0828/PHZ51","W10004_0828","PHZ51",2004
"131199","W10004_0733/PHZ51","W10004_0733","PHZ51",2010
"131200","W10004_0034/PHZ51","W10004_0034","PHZ51",2018
"131201","W10004_0951/PHZ51","W10004_0951","PHZ51",2022
"131202","W10004_0837/PHZ51","W10004_0837","PHZ51",2001
"131203","W10004_0609/PHZ51","W10004_0609","PHZ51",2009
"131204","W10004_0038/PHZ51","W10004_0038","PHZ51",2011
"131205","W10004_0098/PHZ51","W10004_0098","PHZ51",2012
"131206","W10004_0674/PHZ51","W10004_0674","PHZ51",2016
"131207","W10004_0773/PHZ51","W10004_0773","PHZ51",2005
"131208","W10004_0868/PHZ51","W10004_0868","PHZ51",2014
"131210","W10004_0013/PHZ51","W10004_0013","PHZ51",2017
"131211","W10004_0389/PHZ51","W10004_0389","PHZ51",2009
"131212","W10004_1045/PHZ51","W10004_1045","PHZ51",2010
"131213","W10004_0822/PHZ51","W10004_0822","PHZ51",2007
"131214","W10004_0011/PHZ51","W10004_0011","PHZ51",2004
"131215","W10004_0802/PHZ51","W10004_0802","PHZ51",2020
"131216","W10004_0836/PHZ51","W10004_0836","PHZ51",2009
"131217","W10004_0697/PHZ51","W10004_0697","PHZ51",2008
"131218","W10004_0918/PHZ51","W10004_0918","PHZ51",2019
"131219","W10004_0178/PHZ51","W10004_0178","PHZ51",2010
"131220","W10004_1063/PHZ51","W10004_1063","PHZ51",2015
"131221","W10004_0242/PHZ51","W10004_0242","PHZ51",2018
"131222","W10004_0253/PHZ51","W10004_0253","PHZ51",2016
"131223","W10004_0734/PHZ51","W10004_0734","PHZ51",2012
"131225","W10004_0427/PHZ51","W10004_0427","PHZ51",2008
"131226","W10004_0889/PHZ51","W10004_0889","PHZ51",2009
"131227","W10004_1099/PHZ51","W10004_1099","PHZ51",2014
"131228","W10004_0907/PHZ51","W10004_0907","PHZ51",2005
"131229","W10004_0261/PHZ51","W10004_0261","PHZ51",2016
"131230","W10004_0103/PHZ51","W10004_0103","PHZ51",2014
"131231","W10004_0658/PHZ51","W10004_0658","PHZ51",2009
"131234","W10004_1143/PHZ51","W10004_1143","PHZ51",2010
"131235","W10004_0310/PHZ51","W10004_0310","PHZ51",2002
"131236","W10004_0756/PHZ51","W10004_0756","PHZ51",2002
"131237","W10004_0687/PHZ51","W10004_0687","PHZ51",2003
"131238","W10004_0127/PHZ51","W10004_0127","PHZ51",2002
"131239","W10004_0097/PHZ51","W10004_0097","PHZ51",2003
"131241","W10004_0856/PHZ51","W10004_0856","PHZ51",2010
"131242","W10004_0913/PHZ51","W10004_0913","PHZ51",2005
"131243","W10004_0966/PHZ51","W10004_0966","PHZ51",2004
"131245","W10004_0101/PHZ51","W10004_0101","PHZ51",2012
"131246","W10004_0956/PHZ51","W10004_0956","PHZ51",2002
"131247","W10004_0819/PHZ51","W10004_0819","PHZ51",2018
"131248","W10004_0818/PHZ51","W10004_0818","PHZ51",2013
"131249","W10004_0199/PHZ51","W10004_0199","PHZ51",2015
"131250","W10004_1015/PHZ51","W10004_1015","PHZ51",2009
"131251","W10004_0974/PHZ51","W10004_0974","PHZ51",2009
"131252","W10004_0672/PHZ51","W10004_0672","PHZ51",2006
"131253","W10004_0063/PHZ51","W10004_0063","PHZ51",2002
"131254","W10004_0166/PHZ51","W10004_0166","PHZ51",2021
"131255","W10004_0637/PHZ51","W10004_0637","PHZ51",2017
"131256","W10004_0678/PHZ51","W10004_0678","PHZ51",2008
"131257","W10004_0815/PHZ51","W10004_0815","PHZ51",2010
"131258","W10004_0798/PHZ51","W10004_0798","PHZ51",2010
"131259","W10004_0799/PHZ51","W10004_0799","PHZ51",2017
"131260","W10004_0618/PHZ51","W10004_0618","PHZ51",2014
"131261","W10004_1032/PHZ51","W10004_1032","PHZ51",2004
"131262","W10004_0087/PHZ51","W10004_0087","PHZ51",2019
"131263","W10004_0659/PHZ51","W10004_0659","PHZ51",2015
"131264","W10004_0930/PHZ51","W10004_0930","PHZ51",2021
"131265","W10004_1057/PHZ51","W10004_1057","PHZ51",2012
"131266","W10004_0380/PHZ51","W10004_0380","PHZ51",2019
"131267","W10004_0843/PHZ51","W10004_0843","PHZ51",2009
"131268","W10004_0121/PHZ51","W10004_0121","PHZ51",2020
"131269","W10004_0149/PHZ51","W10004_0149","PHZ51",2012
"131270","W10004_0119/PHZ51","W10004_0119","PHZ51",2020
"131271","W10004_0206/PHZ51","W10004_0206","PHZ51",2019
"131272","W10004_0487/PHZ51","W10004_0487","PHZ51",2018
"131273","W10004_1052/PHZ51","W10004_1052","PHZ51",2017
"131274","W10004_1112/PHZ51","W10004_1112","PHZ51",2005
"131275","W10004_0820/PHZ51","W10004_0820","PHZ51",2015
"131276","W10004_0901/PHZ51","W10004_0901","PHZ51",2022
"131278","W10004_0327/PHZ51","W10004_0327","PHZ51",2021
"131279","W10004_0601/PHZ51","W10004_0601","PHZ51",2008
"131280","W10004_0241/PHZ51","W10004_0241","PHZ51",2019
"131281","W10004_0712/PHZ51","W10004_0712","PHZ51",2007
"131282","W10004_0984/PHZ51","W10004_0984","PHZ51",2002
"131284","W10004_0152/PHZ51","W10004_0152","PHZ51",2003
"131285","W10004_0859/PHZ51","W10004_0859","PHZ51",2010
"131287","W10004_0185/PHZ51","W10004_0185","PHZ51",2011
"131288","W10004_1105/PHZ51","W10004_1105","PHZ51",2002
"131289","W10004_0801/PHZ51","W10004_0801","PHZ51",2017
"131290","W10004_0784/PHZ51","W10004_0784","PHZ51",2014
"131291","W10004_0079/PHZ51","W10004_0079","PHZ51",2004
"131292","W10004_0751/PHZ51","W10004_0751","PHZ51",2008
"131293","W10004_0975/PHZ51","W10004_0975","PHZ51",2015
"131294","W10004_0625/PHZ51","W10004_0625","PHZ51",2017
"131295","PB80/TX779","PB80","TX779",2010
"131296","W10004_1064/PHZ51","W10004_1064","PHZ51",2016
"131297","W10004_0632/PHZ51","W10004_0632","PHZ51",2005
"131298","W10004_0224/PHZ51","W10004_0224","PHZ51",2005
"131299","TX773/TX779","TX773","TX779",2001
"131300","W10004_0010/PHZ51","W10004_0010","PHZ51",2007
"131301","W10004_1080/PHZ51","W10004_1080","PHZ51",2021
"131302","W10004_0144/PHZ51","W10004_0144","PHZ51",2019
"131303","W10004_0160/PHZ51","W10004_0160","PHZ51",2019
"131304","W10004_0650/PHZ51","W10004_0650","PHZ51",2018
"131305","W10004_0614/PHZ51","W10004_0614","PHZ51",2010
"131306","W10004_0134/PHZ51","W10004_0134","PHZ51",2014
"131307","W10004_0270/PHZ51","W10004_0270","PHZ51",2002
"131308","W10004_0888/PHZ51","W10004_0888","PHZ51",2001
"131309","W10004_0715/PHZ51","W10004_0715","PHZ51",2018
"131311","W10004_0932/PHZ51","W10004_0932","PHZ51",2008
"131312","W10004_0394/PHZ51","W10004_0394","PHZ51",2018
"131313","W10004_0991/PHZ51","W10004_0991","PHZ51",2005
"131314","W10004_0741/PHZ51","W10004_0741","PHZ51",2020
"131315","W10004_0042/PHZ51","W10004_0042","PHZ51",2020
"131316","W10004_0774/PHZ51","W10004_0774","PHZ51",2003
"131317","W10004_0830/PHZ51","W10004_0830","PHZ51",2018
"131318","W10004_0344/PHZ51","W10004_0344","PHZ51",2013
"131319","W10004_1140/PHZ51","W10004_1140","PHZ51",2021
"131320","W10004_0781/PHZ51","W10004_0781","PHZ51",2012
"131322","W10004_0204/PHZ51","W10004_0204","PHZ51",2010
"131323","W10004_0940/PHZ51","W10004_0940","PHZ51",2009
"131324","W10004_1081/PHZ51","W10004_1081","PHZ51",2011
"131325","W10004_0807/PHZ51","W10004_0807","PHZ51",2020
"131326","W10004_0877/PHZ51","W10004_0877","PHZ51",2017
"131327","W10004_0110/PHZ51","W10004_0110","PHZ51",2022
"131328","W10004_0116/PHZ51","W10004_0116","PHZ51",2008
"131329","W10004_0661/PHZ51","W10004_0661","PHZ51",2007
"131331","W10004_0395/PHZ51","W10004_0395","PHZ51",2019
"131333","W10004_0771/PHZ51","W10004_0771","PHZ51",2018
"131334","W10004_0896/PHZ51","W10004_0896","PHZ51",2009
"131335","W10004_0891/PHZ51","W10004_0891","PHZ51",2015
"131336","W10004_0624/PHZ51","W10004_0624","PHZ51",2009
"131337","W10004_0833/PHZ51","W10004_0833","PHZ51",2005
"131338","W10004_0664/PHZ51","W10004_0664","PHZ51",2002
"131339","W10004_0631/PHZ51","W10004_0631","PHZ51",2006
"131341","W10004_0072/PHZ51","W10004_0072","PHZ51",2004
"131343","W10004_1020/PHZ51","W10004_1020","PHZ51",2016
"131344","W10004_0727/PHZ51","W10004_0727","PHZ51",2014
"131345","W10004_0200/PHZ51","W10004_0200","PHZ51",2010
"131346","W10004_0262/PHZ51","W10004_0262","PHZ51",2011
"131347","W10004_0928/PHZ51","W10004_0928","PHZ51",2008
"131349","W10004_0673/PHZ51","W10004_0673","PHZ51",2010
"131398","W10004_0383/PHZ51","W10004_0383","PHZ51",2018
"131400","W10004_0879/PHZ51","W10004_0879","PHZ51",2008
"131402","W10004_0112/PHZ51","W10004_0112","PHZ51",2013
"131404","W10004_0682/PHZ51","W10004_0682","PHZ51",2002
"131405","W10004_0118/PHZ51","W10004_0118","PHZ51",2002
"131406","W10004_1002/PHZ51","W10004_1002","PHZ51",2022
"131407","W10004_0037/PHZ51","W10004_0037","PHZ51",2006
"131408","W10004_0093/PHZ51","W10004_0093","PHZ51",2018
"131409","W10004_0955/PHZ51","W10004_0955","PHZ51",2008
"131411","W10004_0217/PHZ51","W10004_0217","PHZ51",2009
"131412","W10004_0078/PHZ51","W10004_0078","PHZ51",2014
"131414","W10004_0168/PHZ51","W10004_0168","PHZ51",2012
"131419","W10004_0501/PHZ51","W10004_0501","PHZ51",2019
"131421","W10004_0311/PHZ51","W10004_0311","PHZ51",2014
"131423","W10004_0498/PHZ51","W10004_0498","PHZ51",2011
"131424","W10004_0396/PHZ51","W10004_0396","PHZ51",2014
"131425","W10004_0476/PHZ51","W10004_0476","PHZ51",2021
"131426","W10004_0361/PHZ51","W10004_0361","PHZ51",2007
"131429","W10004_0014/PHZ51","W10004_0014","PHZ51",2017
"131432","W10004_1018/PHZ51","W10004_1018","PHZ51",2014
"131435","W10004_0268/PHZ51","W10004_0268","PHZ51",2001
"131437","W10004_1014/PHZ51","W10004_1014","PHZ51",2016
"131441","W10004_0886/PHZ51","W10004_0886","PHZ51",2021
"131443","W10004_0212/PHZ51","W10004_0212","PHZ51",2009
"131444","W10004_0076/PHZ51","W10004_0076","PHZ51",2001
"131445","W10004_0346/PHZ51","W10004_0346","PHZ51",2014
"131447","W10004_0970/PHZ51","W10004_0970","PHZ51",2002
"131449","W10004_0150/PHZ51","W10004_0150","PHZ51",2013
"131450","W10004_0988/PHZ51","W10004_0988","PHZ51",2010
"131451","W10004_0827/PHZ51","W10004_0827","PHZ51",2008
"131452","W10004_0714/PHZ51","W10004_0714","PHZ51",2001
"131453","W10004_0922/PHZ51","W10004_0922","PHZ51",2009
"131454","W10004_0047/PHZ51","W10004_0047","PHZ51",2014
"131455","W10004_0782/PHZ51","W10004_0782","PHZ51",2021
"131456","W10004_1037/PHZ51","W10004_1037","PHZ51",2005
"131457","W10004_0381/PHZ51","W10004_0381","PHZ51",2014
"131458","W10004_0167/PHZ51","W10004_0167","PHZ51",2021
"131462","W10004_0419/PHZ51","W10004_0419","PHZ51",2008
"131463","W10004_0140/PHZ51","W10004_0140","PHZ51",2015
"131464","W10004_0046/PHZ51","W10004_0046","PHZ51",2016
"131465","W10004_0964/PHZ51","W10004_0964","PHZ51",2004
"131466","W10004_0147/PHZ51","W10004_0147","PHZ51",2006
"131468","W10004_1104/PHZ51","W10004_1104","PHZ51",2011
"131471","W10004_0646/PHZ51","W10004_0646","PHZ51",2013
"131472","W10004_0258/PHZ51","W10004_0258","PHZ51",2010
"131473","W10004_0757/PHZ51","W10004_0757","PHZ51",2019
"131474","W10004_1146/PHZ51","W10004_1146","PHZ51",2018
"131476","W10004_0713/PHZ51","W10004_0713","PHZ51",2009
"131477","W10004_0153/PHZ51","W10004_0153","PHZ51",2005
"131478","W10004_0746/PHZ51","W10004_0746","PHZ51",2014
"131481","W10004_0055/PHZ51","W10004_0055","PHZ51",2016
"131482","W10004_0701/PHZ51","W10004_0701","PHZ51",2008
"131483","W10004_0027/PHZ51","W10004_0027","PHZ51",2011
"131484","W10004_0197/PHZ51","W10004_0197","PHZ51",2008
"131488","W10004_0695/PHZ51","W10004_0695","PHZ51",2021
"131492","W10004_0223/PHZ51","W10004_0223","PHZ51",2015
"131494","W10004_0869/PHZ51","W10004_0869","PHZ51",2022
"131496","W10004_0086/PHZ51","W10004_0086","PHZ51",2017
"131497","W10004_0789/PHZ51","W10004_0789","PHZ51",2004
"131499","W10004_0612/PHZ51","W10004_0612","PHZ51",2020
"131500","W10004_0847/PHZ51","W10004_0847","PHZ51",2022
"131504","W10004_1084/PHZ51","W10004_1084","PHZ51",2007
"131505","W10004_0271/PHZ51","W10004_0271","PHZ51",2012
"131507","W10004_1117/PHZ51","W10004_1117","PHZ51",2009
"131508","W10004_0403/PHZ51","W10004_0403","PHZ51",2013
"131509","W10004_0115/PHZ51","W10004_0115","PHZ51",2003
"131510","W10004_0760/PHZ51","W10004_0760","PHZ51",2016
"131511","W10004_0783/PHZ51","W10004_0783","PHZ51",2008
"131514","W10004_0800/PHZ51","W10004_0800","PHZ51",2015
"131516","W10004_0776/PHZ51","W10004_0776","PHZ51",2013
"131517","W10004_1118/PHZ51","W10004_1118","PHZ51",2010
"131519","W10004_0236/PHZ51","W10004_0236","PHZ51",2001
"131522","W10004_0041/PHZ51","W10004_0041","PHZ51",2014
"131523","W10004_0602/PHZ51","W10004_0602","PHZ51",2016
"131526","W10004_0787/PHZ51","W10004_0787","PHZ51",2001
"131527","W10004_1123/PHZ51","W10004_1123","PHZ51",2017
"131528","W10004_0953/PHZ51","W10004_0953","PHZ51",2017
"131530","W10004_0732/PHZ51","W10004_0732","PHZ51",2015
"131531","W10004_0068/PHZ51","W10004_0068","PHZ51",2007
"131533","W10004_0148/PHZ51","W10004_0148","PHZ51",2021
"131534","W10004_0696/PHZ51","W10004_0696","PHZ51",2022
"131535","W10004_0803/PHZ51","W10004_0803","PHZ51",2008
"131537","W10004_1000/PHZ51","W10004_1000","PHZ51",2005
"131538","W10004_0099/PHZ51","W10004_0099","PHZ51",2003
"131539","W10004_0622/PHZ51","W10004_0622","PHZ51",2018
"131541","W10004_0092/PHZ51","W10004_0092","PHZ51",2002
"131542","W10004_1001/PHZ51","W10004_1001","PHZ51",2017
"131543","W10004_0231/PHZ51","W10004_0231","PHZ51",2004
"131547","W10004_0723/PHZ51","W10004_0723","PHZ51",2022
"131548","W10004_0424/PHZ51","W10004_0424","PHZ51",2008
"131549","W10004_0768/PHZ51","W10004_0768","PHZ51",2014
"131550","W10004_0192/PHZ51","W10004_0192","PHZ51",2004
"131551","W10004_0851/PHZ51","W10004_0851","PHZ51",2018
"131552","W10004_0410/PHZ51","W10004_0410","PHZ51",2021
"131553","W10004_1156/PHZ51","W10004_1156","PHZ51",2018
"131555","W10004_0644/PHZ51","W10004_0644","PHZ51",2021
"131557","W10004_0812/PHZ51","W10004_0812","PHZ51",2012
"131558","W10004_0747/PHZ51","W10004_0747","PHZ51",2011
"131559","W10004_0179/PHZ51","W10004_0179","PHZ51",2021
"131562","W10004_0916/PHZ51","W10004_0916","PHZ51",2017
"131563","W10004_1011/PHZ51","W10004_1011","PHZ51",2019
"131564","W10004_0035/PHZ51","W10004_0035","PHZ51",2018
"131565","W10004_0062/PHZ51","W10004_0062","PHZ51",2015
"131566","W10004_0704/PHZ51","W10004_0704","PHZ51",2019
"131567","W10004_0276/PHZ51","W10004_0276","PHZ51",2013
"131568","W10004_0064/PHZ51","W10004_0064","PHZ51",2007
"131572","W10004_0938/PHZ51","W10004_0938","PHZ51",2008
"131573","W10004_0409/PHZ51","W10004_0409","PHZ51",2015
"131574","W10004_0971/PHZ51","W10004_0971","PHZ51",2017
"131576","W10004_0823/PHZ51","W10004_0823","PHZ51",2004
"131577","W10004_0221/PHZ51","W10004_0221","PHZ51",2013
"131578","W10004_0169/PHZ51","W10004_0169","PHZ51",2005
"131580","W10004_0026/PHZ51","W10004_0026","PHZ51",2018
"131582","W10004_0430/PHZ51","W10004_0430","PHZ51",2021
"131584","W10004_0689/PHZ51","W10004_0689","PHZ51",2021
"131585","W10004_0711/PHZ51","W10004_0711","PHZ51",2012
"131587","W10004_0467/PHZ51","W10004_0467","PHZ51",2021
"131588","W10004_0608/PHZ51","W10004_0608","PHZ51",2001
"131589","W10004_0161/PHZ51","W10004_0161","PHZ51",2002
"131591","W10004_0794/PHZ51","W10004_0794","PHZ51",2013
"131592","W10004_1004/PHZ51","W10004_1004","PHZ51",2022
"131595","W10004_0254/PHZ51","W10004_0254","PHZ51",2003
"131596","W10004_0129/PHZ51","W10004_0129","PHZ51",2017
"131597","W10004_0943/PHZ51","W10004_0943","PHZ51",2012
"131599","W10004_0132/PHZ51","W10004_0132","PHZ51",2017
"131600","W10004_0900/PHZ51","W10004_0900","PHZ51",2021
"131601","W10004_0703/PHZ51","W10004_0703","PHZ51",2022
"131603","W10004_0299/PHZ51","W10004_0299","PHZ51",2022
"131606","W10004_0636/PHZ51","W10004_0636","PHZ51",2005
"131611","W10004_0858/PHZ51","W10004_0858","PHZ51",2010
"131612","W10004_0688/PHZ51","W10004_0688","PHZ51",2008
"131613","W10004_0745/PHZ51","W10004_0745","PHZ51",2022
"131615","W10004_0308/PHZ51","W10004_0308","PHZ51",2020
"131616","W10004_0465/PHZ51","W10004_0465","PHZ51",2006
"131617","W10004_0291/PHZ51","W10004_0291","PHZ51",2017
"131620","W10004_0196/PHZ51","W10004_0196","PHZ51",2007
"131621","W10004_0290/PHZ51","W10004_0290","PHZ51",2022
"131624","W10004_0616/PHZ51","W10004_0616","PHZ51",2009
"131625","W10004_0717/PHZ51","W10004_0717","PHZ51",2017
"131626","W10004_0892/PHZ51","W10004_0892","PHZ51",2011
"131627","W10004_0095/PHZ51","W10004_0095","PHZ51",2012
"131628","W10004_0680/PHZ51","W10004_0680","PHZ51",2006
"131629","W10004_0702/PHZ51","W10004_0702","PHZ51",2015
"131630","W10004_0412/PHZ51","W10004_0412","PHZ51",2008
"131631","W10004_0876/PHZ51","W10004_0876","PHZ51",2004
"131634","W10004_0238/PHZ51","W10004_0238","PHZ51",2012
"131635","W10004_0417/PHZ51","W10004_0417","PHZ51",2002
"131636","W10004_0866/PHZ51","W10004_0866","PHZ51",2014
"131669","TX110/DK87916W","TX110","DK87916W",2019
"131670","LH132/TX779","LH132","TX779",2021
"131719","DKC67-44",NA,NA,2013
